t_s,req_s,ok,not_found,timeout,overloaded,backend_unavailable,other,queue_len,avg_queue_wait_ms,avg_qwait_s0_ms,avg_qwait_s1_ms,avg_qwait_s2_ms,active_workers,waiting_s0,waiting_s1,waiting_s2,open_clients,lat_le_1ms,lat_le_2ms,lat_le_5ms,lat_le_10ms,lat_le_20ms,lat_le_50ms,lat_le_100ms,lat_le_200ms,lat_le_500ms,lat_le_1000ms,lat_le_2000ms,lat_le_5000ms,lat_gt_5000ms
1.00018,0,0,0,0,0,0,0,0,0,0,0,0,0,0,0,0,0,0,0,0,0,0,0,0,0,0,0,0,0,0
2.00049,0,0,0,0,0,0,0,0,0,0,0,0,0,0,0,0,0,0,0,0,0,0,0,0,0,0,0,0,0,0
3.00073,0,0,0,0,0,0,0,0,0,0,0,0,0,0,0,0,0,0,0,0,0,0,0,0,0,0,0,0,0,0
4.00099,0,0,0,0,0,0,0,0,0,0,0,0,0,0,0,0,0,0,0,0,0,0,0,0,0,0,0,0,0,0
5.00132,0,0,0,0,0,0,0,0,0,0,0,0,0,0,0,0,0,0,0,0,0,0,0,0,0,0,0,0,0,0
6.00158,0,0,0,0,0,0,0,0,0,0,0,0,0,0,0,0,0,0,0,0,0,0,0,0,0,0,0,0,0,0
7.00184,0,0,0,0,0,0,0,0,0,0,0,0,0,0,0,0,0,0,0,0,0,0,0,0,0,0,0,0,0,0
8.00217,0,0,0,0,0,0,0,0,0,0,0,0,0,0,0,0,0,0,0,0,0,0,0,0,0,0,0,0,0,0
9.00242,0,0,0,0,0,0,0,0,0,0,0,0,0,0,0,0,0,0,0,0,0,0,0,0,0,0,0,0,0,0
10.0027,0,0,0,0,0,0,0,0,0,0,0,0,0,0,0,0,0,0,0,0,0,0,0,0,0,0,0,0,0,0
11.003,0,0,0,0,0,0,0,0,0,0,0,0,0,0,0,0,0,0,0,0,0,0,0,0,0,0,0,0,0,0
12.0032,0,0,0,0,0,0,0,0,0,0,0,0,0,0,0,0,0,0,0,0,0,0,0,0,0,0,0,0,0,0
13.0035,0,0,0,0,0,0,0,0,0,0,0,0,0,0,0,0,0,0,0,0,0,0,0,0,0,0,0,0,0,0
14.0038,0,0,0,0,0,0,0,0,0,0,0,0,0,0,0,0,0,0,0,0,0,0,0,0,0,0,0,0,0,0
15.004,0,0,0,0,0,0,0,0,0,0,0,0,0,0,0,0,0,0,0,0,0,0,0,0,0,0,0,0,0,0
16.0043,0,0,0,0,0,0,0,0,0,0,0,0,0,0,0,0,0,0,0,0,0,0,0,0,0,0,0,0,0,0
17.0046,0,0,0,0,0,0,0,0,0,0,0,0,0,0,0,0,0,0,0,0,0,0,0,0,0,0,0,0,0,0
18.0048,0,0,0,0,0,0,0,0,0,0,0,0,0,0,0,0,0,0,0,0,0,0,0,0,0,0,0,0,0,0
19.0051,38,2,36,0,0,0,0,0,0.0829541,0.0856866,0.0704232,0.088782,2,0,1,1,13,11,26,38,38,38,38,38,38,38,38,38,38,0
20.0055,6379,538,5841,0,0,0,0,0,0.0502814,0.0497537,0.0512531,0.049837,2,2,0,0,64,6356,6379,6379,6379,6379,6379,6379,6379,6379,6379,6379,6379,0
21.0056,6925,616,6309,0,0,0,0,0,0.0467786,0.0468054,0.046714,0.0468162,2,0,0,1,64,6924,6925,6925,6925,6925,6925,6925,6925,6925,6925,6925,6925,0
22.0058,6988,672,6316,0,0,0,0,0,0.047296,0.0479343,0.0470128,0.0469472,2,0,1,1,64,6988,6988,6988,6988,6988,6988,6988,6988,6988,6988,6988,6988,0
23.006,6965,709,6256,0,0,0,0,0,0.0479318,0.0476451,0.0483705,0.0477814,2,1,1,0,64,6961,6962,6965,6965,6965,6965,6965,6965,6965,6965,6965,6965,0
24.0061,7043,704,6339,0,0,0,0,0,0.0523129,0.0502428,0.0538559,0.0527524,3,0,1,2,64,7009,7038,7043,7043,7043,7043,7043,7043,7043,7043,7043,7043,0
25.0063,7044,761,6283,0,0,0,0,0,0.0478602,0.0475765,0.0478735,0.0481293,2,0,1,1,64,7041,7044,7044,7044,7044,7044,7044,7044,7044,7044,7044,7044,0
26.0065,7004,802,6202,0,0,0,0,0,0.0471547,0.0465488,0.047636,0.047297,2,1,0,1,64,7003,7004,7004,7004,7004,7004,7004,7004,7004,7004,7004,7004,0
27.0066,7032,851,6181,0,0,0,0,2,0.0473414,0.0479771,0.0469107,0.0471458,3,1,1,0,64,7032,7032,7032,7032,7032,7032,7032,7032,7032,7032,7032,7032,0
28.0068,6994,876,6118,0,0,0,0,0,0.0477359,0.0476348,0.0481598,0.0474116,4,1,1,2,64,6993,6994,6994,6994,6994,6994,6994,6994,6994,6994,6994,6994,0
29.007,6960,903,6057,0,0,0,0,0,0.0473157,0.0467908,0.0471803,0.0479393,1,0,1,0,64,6957,6959,6960,6960,6960,6960,6960,6960,6960,6960,6960,6960,0
30.0072,7008,897,6111,0,0,0,0,0,0.0476291,0.0478162,0.0476843,0.0473841,3,1,1,0,64,7004,7007,7008,7008,7008,7008,7008,7008,7008,7008,7008,7008,0
31.0074,6895,946,5949,0,0,0,0,0,0.0700744,0.0724855,0.0735898,0.0641283,3,1,0,1,64,6816,6843,6880,6893,6895,6895,6895,6895,6895,6895,6895,6895,0
32.0076,7034,1007,6027,0,0,0,0,0,0.0476955,0.0474724,0.047746,0.0478562,1,0,0,1,64,7031,7034,7034,7034,7034,7034,7034,7034,7034,7034,7034,7034,0
33.0078,7031,978,6053,0,0,0,0,0,0.0485666,0.0475484,0.0479526,0.0502141,1,1,0,0,64,7021,7031,7031,7031,7031,7031,7031,7031,7031,7031,7031,7031,0
34.008,7009,987,6022,0,0,0,0,0,0.0483447,0.04856,0.0494908,0.0469969,3,0,2,1,64,6998,7009,7009,7009,7009,7009,7009,7009,7009,7009,7009,7009,0
35.0083,7002,1120,5882,0,0,0,0,0,0.0477782,0.048531,0.0476683,0.047163,1,0,0,1,64,7002,7002,7002,7002,7002,7002,7002,7002,7002,7002,7002,7002,0
36.0086,7050,1142,5908,0,0,0,0,0,0.0474167,0.047631,0.0469558,0.0476605,1,0,0,1,64,7048,7050,7050,7050,7050,7050,7050,7050,7050,7050,7050,7050,0
37.0088,7018,1212,5806,0,0,0,0,1,0.0473446,0.0472447,0.0475367,0.0472501,1,0,0,0,64,7015,7018,7018,7018,7018,7018,7018,7018,7018,7018,7018,7018,0
38.009,6975,1120,5855,0,0,0,0,0,0.0483384,0.048582,0.0482295,0.0482141,1,1,0,0,64,6972,6975,6975,6975,6975,6975,6975,6975,6975,6975,6975,6975,0
39.0092,6876,1267,5609,0,0,0,0,0,0.0481316,0.0483305,0.0478011,0.0482716,5,2,0,2,64,6870,6876,6876,6876,6876,6876,6876,6876,6876,6876,6876,6876,0
40.0096,6872,1212,5660,0,0,0,0,0,0.0475997,0.0481272,0.0478649,0.0468404,4,4,0,0,64,6870,6872,6872,6872,6872,6872,6872,6872,6872,6872,6872,6872,0
41.0097,6918,1267,5651,0,0,0,0,0,0.0483943,0.0483505,0.0485587,0.0482779,4,1,2,1,64,6915,6917,6918,6918,6918,6918,6918,6918,6918,6918,6918,6918,0
42.0099,6919,1373,5546,0,0,0,0,1,0.0478312,0.0478869,0.0478848,0.0477227,3,1,1,1,64,6912,6918,6919,6919,6919,6919,6919,6919,6919,6919,6919,6919,0
43.0101,6894,1324,5570,0,0,0,0,0,0.0476235,0.0479111,0.0473318,0.0476455,2,1,0,1,64,6890,6894,6894,6894,6894,6894,6894,6894,6894,6894,6894,6894,0
44.0103,6894,1349,5545,0,0,0,0,0,0.0480853,0.0483103,0.0479743,0.0479715,2,1,0,1,64,6891,6894,6894,6894,6894,6894,6894,6894,6894,6894,6894,6894,0
45.0106,6928,1413,5515,0,0,0,0,0,0.0476508,0.0474193,0.0477669,0.0477659,1,0,0,1,64,6925,6928,6928,6928,6928,6928,6928,6928,6928,6928,6928,6928,0
46.0108,6884,1395,5489,0,0,0,0,0,0.0501558,0.0497742,0.0505321,0.0501691,1,0,0,1,64,6868,6880,6884,6884,6884,6884,6884,6884,6884,6884,6884,6884,0
47.0113,6923,1420,5503,0,0,0,0,0,0.0481344,0.0482573,0.0475959,0.0485452,4,2,1,1,64,6916,6922,6923,6923,6923,6923,6923,6923,6923,6923,6923,6923,0
48.0114,6875,1516,5359,0,0,0,0,1,0.0475968,0.0472475,0.0475441,0.0480063,3,2,1,0,64,6875,6875,6875,6875,6875,6875,6875,6875,6875,6875,6875,6875,0
49.0116,6732,1401,5331,0,0,0,0,0,0.0493494,0.0477968,0.0497199,0.050474,4,1,1,1,64,6713,6729,6732,6732,6732,6732,6732,6732,6732,6732,6732,6732,0
50.0121,6917,1536,5381,0,0,0,0,1,0.0479129,0.0471142,0.0479314,0.0486859,3,0,2,1,64,6894,6913,6917,6917,6917,6917,6917,6917,6917,6917,6917,6917,0
51.0124,6927,1540,5387,0,0,0,0,0,0.0475676,0.0471036,0.0482537,0.0473289,2,0,1,1,64,6913,6925,6927,6927,6927,6927,6927,6927,6927,6927,6927,6927,0
52.0127,463,106,357,0,0,0,0,48,0.0498775,0.0479885,0.0504563,0.051105,16,0,0,16,64,463,463,463,463,463,463,463,463,463,463,463,463,0
53.013,0,0,0,0,0,0,0,48,0,0,0,0,16,0,0,16,64,0,0,0,0,0,0,0,0,0,0,0,0,0
54.0132,0,0,0,0,0,0,0,48,0,0,0,0,16,0,0,16,64,0,0,0,0,0,0,0,0,0,0,0,0,0
55.0135,0,0,0,0,0,0,0,48,0,0,0,0,16,0,0,16,64,0,0,0,0,0,0,0,0,0,0,0,0,0
56.0138,0,0,0,0,0,0,0,48,0,0,0,0,16,0,0,16,64,0,0,0,0,0,0,0,0,0,0,0,0,0
57.014,0,0,0,0,0,0,0,112,0,0,0,0,16,0,0,16,64,0,0,0,0,0,0,0,0,0,0,0,0,0
58.0144,0,0,0,0,0,0,0,112,0,0,0,0,16,0,0,16,64,0,0,0,0,0,0,0,0,0,0,0,0,0
59.0146,0,0,0,0,0,0,0,112,0,0,0,0,16,0,0,16,64,0,0,0,0,0,0,0,0,0,0,0,0,0
60.0149,0,0,0,0,0,0,0,112,0,0,0,0,16,0,0,16,64,0,0,0,0,0,0,0,0,0,0,0,0,0
61.0152,0,0,0,0,0,0,0,112,0,0,0,0,16,0,0,16,64,0,0,0,0,0,0,0,0,0,0,0,0,0
62.0154,0,0,0,0,0,0,0,176,0,0,0,0,16,0,0,16,64,0,0,0,0,0,0,0,0,0,0,0,0,0
63.0157,0,0,0,0,0,0,0,176,0,0,0,0,16,0,0,16,64,0,0,0,0,0,0,0,0,0,0,0,0,0
64.0159,0,0,0,0,0,0,0,176,0,0,0,0,16,0,0,16,64,0,0,0,0,0,0,0,0,0,0,0,0,0
65.0162,0,0,0,0,0,0,0,176,0,0,0,0,16,0,0,16,64,0,0,0,0,0,0,0,0,0,0,0,0,0
66.0165,0,0,0,0,0,0,0,176,0,0,0,0,16,0,0,16,64,0,0,0,0,0,0,0,0,0,0,0,0,0
67.0166,275,77,198,0,0,0,0,0,7140.47,7439.56,6246.94,7791.6,1,0,1,0,64,17,17,19,19,19,19,19,19,19,83,83,83,192
68.0169,6684,1558,5126,0,0,0,0,0,0.0501878,0.0489189,0.0499069,0.0517358,3,2,1,0,64,6663,6674,6684,6684,6684,6684,6684,6684,6684,6684,6684,6684,0
69.0171,6979,1552,5427,0,0,0,0,0,0.0475838,0.0472656,0.0483109,0.0471918,3,1,1,0,64,6978,6979,6979,6979,6979,6979,6979,6979,6979,6979,6979,6979,0
70.0173,6916,1637,5279,0,0,0,0,1,0.0517528,0.0523951,0.0514487,0.0513949,2,0,0,2,64,6886,6911,6916,6916,6916,6916,6916,6916,6916,6916,6916,6916,0
71.0175,6926,1680,5246,0,0,0,0,0,0.0474834,0.047764,0.0469819,0.0476889,7,3,1,2,64,6924,6926,6926,6926,6926,6926,6926,6926,6926,6926,6926,6926,0
72.0177,6939,1713,5226,0,0,0,0,0,0.0474109,0.047438,0.0475165,0.0472727,2,1,0,1,64,6939,6939,6939,6939,6939,6939,6939,6939,6939,6939,6939,6939,0
73.0179,6933,1777,5156,0,0,0,0,0,0.0476111,0.0480484,0.0476847,0.0470935,2,0,2,0,64,6927,6933,6933,6933,6933,6933,6933,6933,6933,6933,6933,6933,0
74.018,6932,1745,5187,0,0,0,0,0,0.047012,0.0472274,0.0468171,0.0470018,1,1,0,0,64,6929,6932,6932,6932,6932,6932,6932,6932,6932,6932,6932,6932,0
75.0182,6936,1785,5151,0,0,0,0,1,0.0577498,0.0569754,0.0558525,0.0605887,1,1,0,0,64,6883,6912,6935,6936,6936,6936,6936,6936,6936,6936,6936,6936,0
76.0184,6933,1788,5145,0,0,0,0,0,0.0471284,0.0469864,0.0472439,0.0471518,2,0,1,1,64,6933,6933,6933,6933,6933,6933,6933,6933,6933,6933,6933,6933,0
77.0186,6926,1773,5153,0,0,0,0,2,0.0477107,0.0474837,0.04765,0.0480055,2,2,0,0,64,6925,6926,6926,6926,6926,6926,6926,6926,6926,6926,6926,6926,0
78.0188,6920,1900,5020,0,0,0,0,0,0.0478522,0.0478475,0.0476496,0.0480599,2,0,1,1,64,6916,6920,6920,6920,6920,6920,6920,6920,6920,6920,6920,6920,0
79.019,6927,1879,5048,0,0,0,0,0,0.0532186,0.0547125,0.0536602,0.0513491,2,1,0,1,64,6885,6919,6927,6927,6927,6927,6927,6927,6927,6927,6927,6927,0
80.0191,6941,2000,4941,0,0,0,0,1,0.0480735,0.0482795,0.0476862,0.0482576,2,1,0,0,64,6936,6941,6941,6941,6941,6941,6941,6941,6941,6941,6941,6941,0
81.0193,6928,1921,5007,0,0,0,0,0,0.0472342,0.0469002,0.0476365,0.0471814,2,1,1,0,64,6928,6928,6928,6928,6928,6928,6928,6928,6928,6928,6928,6928,0
82.0194,6957,2016,4941,0,0,0,0,0,0.0474313,0.0474071,0.0471999,0.0476981,2,1,1,0,64,6954,6956,6957,6957,6957,6957,6957,6957,6957,6957,6957,6957,0
83.0196,6891,1943,4948,0,0,0,0,0,0.0481989,0.0480151,0.0480726,0.0485135,2,0,1,1,64,6891,6891,6891,6891,6891,6891,6891,6891,6891,6891,6891,6891,0
84.0198,6925,1974,4951,0,0,0,0,0,0.0513582,0.050372,0.0516249,0.0520578,2,0,1,1,64,6895,6920,6925,6925,6925,6925,6925,6925,6925,6925,6925,6925,0
85.02,6997,2031,4966,0,0,0,0,0,0.0474656,0.0481847,0.0469852,0.0472395,6,2,2,0,64,6995,6996,6997,6997,6997,6997,6997,6997,6997,6997,6997,6997,0
86.0202,6953,2166,4787,0,0,0,0,0,0.0479068,0.0476054,0.0475851,0.0485341,3,1,1,0,64,6953,6953,6953,6953,6953,6953,6953,6953,6953,6953,6953,6953,0
87.0204,6960,2153,4807,0,0,0,0,1,0.0476456,0.0471318,0.0473506,0.048412,1,0,0,0,64,6959,6960,6960,6960,6960,6960,6960,6960,6960,6960,6960,6960,0
88.0205,6964,2041,4923,0,0,0,0,0,0.047956,0.0480351,0.0477308,0.0480989,2,1,1,0,64,6955,6963,6964,6964,6964,6964,6964,6964,6964,6964,6964,6964,0
89.0207,6473,2002,4471,0,0,0,0,0,0.0475037,0.0475447,0.0484302,0.0465146,0,0,0,0,64,6471,6473,6473,6473,6473,6473,6473,6473,6473,6473,6473,6473,0
90.021,6,1,5,0,0,0,0,0,0.101249,0,0.105721,0.0967767,0,0,0,0,0,6,6,6,6,6,6,6,6,6,6,6,6,0
91.0213,0,0,0,0,0,0,0,0,0,0,0,0,0,0,0,0,0,0,0,0,0,0,0,0,0,0,0,0,0,0
92.0216,0,0,0,0,0,0,0,0,0,0,0,0,0,0,0,0,0,0,0,0,0,0,0,0,0,0,0,0,0,0
93.0218,0,0,0,0,0,0,0,0,0,0,0,0,0,0,0,0,0,0,0,0,0,0,0,0,0,0,0,0,0,0
94.0221,0,0,0,0,0,0,0,0,0,0,0,0,0,0,0,0,0,0,0,0,0,0,0,0,0,0,0,0,0,0
95.0224,1,1,0,0,0,0,0,0,0.130276,0,0,0.130276,0,0,0,0,0,1,1,1,1,1,1,1,1,1,1,1,1,0
96.0227,0,0,0,0,0,0,0,0,0,0,0,0,0,0,0,0,0,0,0,0,0,0,0,0,0,0,0,0,0,0
97.0229,0,0,0,0,0,0,0,0,0,0,0,0,0,0,0,0,0,0,0,0,0,0,0,0,0,0,0,0,0,0
98.0232,0,0,0,0,0,0,0,0,0,0,0,0,0,0,0,0,0,0,0,0,0,0,0,0,0,0,0,0,0,0
99.0234,0,0,0,0,0,0,0,0,0,0,0,0,0,0,0,0,0,0,0,0,0,0,0,0,0,0,0,0,0,0
100.024,0,0,0,0,0,0,0,0,0,0,0,0,0,0,0,0,0,0,0,0,0,0,0,0,0,0,0,0,0,0
101.024,0,0,0,0,0,0,0,0,0,0,0,0,0,0,0,0,0,0,0,0,0,0,0,0,0,0,0,0,0,0
102.024,0,0,0,0,0,0,0,0,0,0,0,0,0,0,0,0,0,0,0,0,0,0,0,0,0,0,0,0,0,0
103.024,0,0,0,0,0,0,0,0,0,0,0,0,0,0,0,0,0,0,0,0,0,0,0,0,0,0,0,0,0,0
104.025,0,0,0,0,0,0,0,0,0,0,0,0,0,0,0,0,0,0,0,0,0,0,0,0,0,0,0,0,0,0
105.025,0,0,0,0,0,0,0,0,0,0,0,0,0,0,0,0,0,0,0,0,0,0,0,0,0,0,0,0,0,0
106.025,0,0,0,0,0,0,0,0,0,0,0,0,0,0,0,0,0,0,0,0,0,0,0,0,0,0,0,0,0,0
107.026,0,0,0,0,0,0,0,0,0,0,0,0,0,0,0,0,0,0,0,0,0,0,0,0,0,0,0,0,0,0
108.026,0,0,0,0,0,0,0,0,0,0,0,0,0,0,0,0,0,0,0,0,0,0,0,0,0,0,0,0,0,0
109.026,0,0,0,0,0,0,0,0,0,0,0,0,0,0,0,0,0,0,0,0,0,0,0,0,0,0,0,0,0,0
110.026,0,0,0,0,0,0,0,0,0,0,0,0,0,0,0,0,0,0,0,0,0,0,0,0,0,0,0,0,0,0
111.027,0,0,0,0,0,0,0,0,0,0,0,0,0,0,0,0,0,0,0,0,0,0,0,0,0,0,0,0,0,0
112.027,0,0,0,0,0,0,0,0,0,0,0,0,0,0,0,0,0,0,0,0,0,0,0,0,0,0,0,0,0,0
113.027,0,0,0,0,0,0,0,0,0,0,0,0,0,0,0,0,0,0,0,0,0,0,0,0,0,0,0,0,0,0
114.028,0,0,0,0,0,0,0,0,0,0,0,0,0,0,0,0,0,0,0,0,0,0,0,0,0,0,0,0,0,0
115.028,0,0,0,0,0,0,0,0,0,0,0,0,0,0,0,0,0,0,0,0,0,0,0,0,0,0,0,0,0,0
116.028,0,0,0,0,0,0,0,0,0,0,0,0,0,0,0,0,0,0,0,0,0,0,0,0,0,0,0,0,0,0
117.028,0,0,0,0,0,0,0,0,0,0,0,0,0,0,0,0,0,0,0,0,0,0,0,0,0,0,0,0,0,0
